{
  "kind": "affine",
  "params": [
    [
      0.03820749401108809,
      0.6569039589656216,
      370.30000459554714
    ],
    [
      0.6569319571419796,
      -0.040637050693987486,
      -469.1894495413335
    ]
  ],
  "rms": 0.1994343230516882,
  "rms_loo": 1.0711537750817648,
  "n": 4
}